{
    "loss": 17.551694869995117,
    "accuracy": 0.5395683646202087
}