{
    "loss": 4.988068103790283,
    "accuracy": 0.5251798629760742
}